<code_scheme name="Default" version="173">
  <HTMLCodeStyleSettings>
    <option name="HTML_ELEMENTS_TO_INSERT_NEW_LINE_BEFORE" value="body,div,p,form,h1,h2,h3,div" />
    <option name="HTML_DO_NOT_INDENT_CHILDREN_OF" value="thead,tfoot" />
  </HTMLCodeStyleSettings>
  <JavaCodeStyleSettings>
    <option name="JD_PRESERVE_LINE_FEEDS" value="true" />
  </JavaCodeStyleSettings>
  <codeStyleSettings language="HTML">
    <option name="LINE_COMMENT_AT_FIRST_COLUMN" value="false" />
    <option name="BLOCK_COMMENT_AT_FIRST_COLUMN" value="false" />
  </codeStyleSettings>
  <codeStyleSettings language="JAVA">
    <option name="LINE_COMMENT_AT_FIRST_COLUMN" value="false" />
    <option name="WRAP_COMMENTS" value="true" />
  </codeStyleSettings>
</code_scheme>