<code_scheme name="Default" version="173">
  <JavaCodeStyleSettings>
    <option name="JD_PRESERVE_LINE_FEEDS" value="true" />
  </JavaCodeStyleSettings>
  <codeStyleSettings language="HTML">
    <option name="LINE_COMMENT_AT_FIRST_COLUMN" value="false" />
    <option name="BLOCK_COMMENT_AT_FIRST_COLUMN" value="false" />
  </codeStyleSettings>
  <codeStyleSettings language="JAVA">
    <option name="LINE_COMMENT_AT_FIRST_COLUMN" value="false" />
    <option name="WRAP_COMMENTS" value="true" />
  </codeStyleSettings>
</code_scheme>