<application>
  <component name="FeatureSuggesterSettings">
    <option name="workingDays">
      <list>
        <option value="1651666478108" />
        <option value="1651816861190" />
        <option value="1651852810727" />
        <option value="1651939212938" />
        <option value="1652056218201" />
        <option value="1652443620026" />
        <option value="1652513590078" />
        <option value="1654678798598" />
        <option value="1654735114019" />
      </list>
    </option>
  </component>
</application>