<application>
  <component name="FeatureSuggesterSettings">
    <option name="workingDays">
      <list>
        <option value="1651666478108" />
        <option value="1651730135115" />
        <option value="1655206237515" />
        <option value="1655451522500" />
        <option value="1655484930035" />
        <option value="1655619272825" />
        <option value="1655720337706" />
        <option value="1655770204483" />
        <option value="1655856470035" />
        <option value="1655942188018" />
        <option value="1656046846895" />
        <option value="1656120283778" />
        <option value="1656220067632" />
        <option value="1656321703777" />
        <option value="1656382365109" />
        <option value="1656645398831" />
        <option value="1656913312299" />
      </list>
    </option>
  </component>
</application>