<application>
  <component name="VimEditorSettings">
    <editor />
  </component>
  <component name="VimKeySettings">
    <shortcut-conflicts>
      <shortcut-conflict owner="vim">
        <text encoding="base64">Y3RybCBwcmVzc2VkIFY=</text>
      </shortcut-conflict>
      <shortcut-conflict owner="vim">
        <text encoding="base64">Y3RybCBwcmVzc2VkIEw=</text>
      </shortcut-conflict>
      <shortcut-conflict owner="vim">
        <text encoding="base64">Y3RybCBwcmVzc2VkIEM=</text>
      </shortcut-conflict>
      <shortcut-conflict owner="ide">
        <text encoding="base64">Y3RybCBwcmVzc2VkIEU=</text>
      </shortcut-conflict>
      <shortcut-conflict owner="ide">
        <text encoding="base64">Y3RybCBwcmVzc2VkIEg=</text>
      </shortcut-conflict>
      <shortcut-conflict owner="ide">
        <text encoding="base64">Y3RybCBwcmVzc2VkIE4=</text>
      </shortcut-conflict>
      <shortcut-conflict owner="vim">
        <text encoding="base64">Y3RybCBwcmVzc2VkIFI=</text>
      </shortcut-conflict>
      <shortcut-conflict owner="vim">
        <text encoding="base64">Y3RybCBwcmVzc2VkIEk=</text>
      </shortcut-conflict>
      <shortcut-conflict owner="ide">
        <text encoding="base64">Y3RybCBwcmVzc2VkIFg=</text>
      </shortcut-conflict>
    </shortcut-conflicts>
  </component>
  <component name="VimSettings">
    <state version="7" enabled="true" />
    <notifications>
      <idea-join enabled="true" />
      <idea-put enabled="false" />
    </notifications>
  </component>
</application>