<application>
  <component name="AppStorage">
    <option name="newTranslationDialogCollapseDictViewer" value="false" />
    <option name="newTranslationDialogWidth" value="598" />
    <option name="newTranslationDialogX" value="809" />
    <option name="newTranslationDialogY" value="469" />
    <histories>
      <item value="Priority" />
      <item value="Call to 'Thread.sleep()' in a loop, probably busy-waiting" />
      <item value="'while' statement cannot complete without throwing an exception" />
      <item value="Switch statement can be replaced with enhanced 'switch'" />
      <item value="Bullet" />
      <item value="right" />
      <item value="rig" />
      <item value="ri" />
      <item value="left" />
      <item value="let" />
      <item value="y" />
      <item value="Graphics" />
      <item value="paint Self" />
      <item value="Game Win" />
    </histories>
    <option name="languageScores">
      <map>
        <entry key="CHINESE" value="8" />
        <entry key="ENGLISH" value="6" />
        <entry key="SPANISH" value="1" />
      </map>
    </option>
  </component>
  <component name="Cache">
    <option name="lastTrimTime" value="1656409454535" />
  </component>
</application>