<application>
  <component name="AppStorage">
    <option name="newTranslationDialogWidth" value="596" />
    <option name="newTranslationDialogX" value="2543" />
    <option name="newTranslationDialogY" value="362" />
    <histories>
      <item value="q" />
      <item value="qwert" />
      <item value="qwerty" />
      <item value="qwer" />
      <item value="qwrty" />
      <item value="qwr" />
      <item value="qw" />
      <item value="qu" />
      <item value="利率" />
      <item value="li'l" />
      <item value="l" />
      <item value="余额" />
      <item value="锻炼" />
      <item value="du" />
      <item value="duo'lan" />
      <item value="duo" />
      <item value="exercis" />
      <item value="exercise" />
      <item value="exer" />
      <item value="ex" />
      <item value="e'x" />
      <item value="instanceof" />
    </histories>
    <option name="languageScores">
      <map>
        <entry key="CHINESE" value="33" />
        <entry key="ENGLISH" value="32" />
      </map>
    </option>
  </component>
  <component name="Cache">
    <option name="lastTrimTime" value="1648616234066" />
  </component>
</application>