<application>
  <component name="AppStorage">
    <option name="newTranslationDialogHeight" value="256" />
    <option name="newTranslationDialogWidth" value="560" />
    <option name="newTranslationDialogX" value="206" />
    <option name="newTranslationDialogY" value="381" />
    <histories>
      <item value="Isosceles" />
      <item value="chengyi" />
      <item value="ch" />
      <item value="chegn" />
      <item value="c" />
      <item value="A乘以B" />
      <item value="A乘以" />
      <item value="A乘以S" />
      <item value="Acheng'y" />
      <item value="Achen'yu" />
      <item value="Achen'y" />
      <item value="Achen" />
      <item value="Acheng'yu" />
      <item value="Acheng" />
      <item value="A" />
      <item value="a" />
      <item value="Scalene" />
      <item value="AB的模长" />
      <item value="AB的模长J" />
      <item value="AB的mo'chang" />
      <item value="AB的" />
      <item value="ABd" />
      <item value="AB" />
      <item value="AB的绝对值" />
      <item value="AB的j" />
      <item value="AB的ju'dui" />
      <item value="乘以" />
      <item value="chegn'yi" />
      <item value="矩形" />
      <item value="ju'x" />
      <item value="ju" />
      <item value="calculate" />
      <item value="加数" />
      <item value="jia'shu" />
      <item value="multiplier" />
      <item value="对象" />
      <item value="模长" />
      <item value="mo'chang" />
      <item value="mo" />
      <item value="Aaron Li" />
      <item value="乘数" />
      <item value="cheng'shu" />
      <item value="a乘b" />
      <item value="a乘以b" />
      <item value="a乘以" />
      <item value="achegn'yi" />
      <item value="z" />
      <item value="乘yi" />
      <item value="乘" />
      <item value="cheng" />
    </histories>
    <option name="languageScores">
      <map>
        <entry key="CHINESE" value="241" />
        <entry key="ENGLISH" value="242" />
      </map>
    </option>
  </component>
  <component name="Cache">
    <option name="lastTrimTime" value="1649820149881" />
  </component>
  <component name="Settings">
    <option name="aliTranslateSettings">
      <app-key>
        <option name="appId" value="LTAI5tEGpA3dYTwKEPkWgCuS" />
      </app-key>
    </option>
    <option name="phoneticFontFamily" value="Microsoft YaHei UI" />
    <option name="primaryFontFamily" value="Microsoft YaHei UI" />
    <option name="youdaoTranslateSettings">
      <youdao-translate>
        <option name="appId" value=" 7e3dfa3f12a4d817" />
      </youdao-translate>
    </option>
  </component>
</application>