<application>
  <component name="AppStorage">
    <option name="newTranslationDialogHeight" value="256" />
    <option name="newTranslationDialogWidth" value="552" />
    <option name="newTranslationDialogX" value="606" />
    <option name="newTranslationDialogY" value="527" />
    <histories>
      <item value="moments" />
      <item value="mo" />
      <item value="Attack" />
      <item value="assign" />
      <item value="Payroll System" />
      <item value="Salary" />
      <item value="transact" />
      <item value="注释" />
      <item value="解释" />
      <item value="设计模式" />
      <item value="显示数据" />
      <item value="expercise" />
      <item value="exper" />
      <item value="ex" />
      <item value="方法" />
      <item value="fang" />
      <item value="OK方法完成" />
      <item value="OK方法wan'c" />
      <item value="OK方法wa" />
      <item value="OK方法wan" />
      <item value="OK方法" />
      <item value="OK" />
      <item value="方" />
      <item value="方法wang'c" />
      <item value="evaluate" />
      <item value="actual&#10;" />
      <item value="actu&#10;" />
      <item value="act&#10;" />
      <item value="ac&#10;" />
      <item value="expecte&#10;" />
      <item value="expected&#10;" />
      <item value="expec&#10;" />
      <item value="expe&#10;" />
      <item value="ex&#10;" />
      <item value="        int flog = 0;&#10;" />
      <item value="assert" />
      <item value="E" />
      <item value="salary" />
      <item value="static" />
      <item value="stati " />
      <item value="sta" />
      <item value="rectangle" />
      <item value="rec" />
      <item value="re" />
      <item value="r" />
      <item value="circle" />
      <item value="c" />
      <item value="Isosceles" />
      <item value="chengyi" />
      <item value="ch" />
    </histories>
    <option name="languageScores">
      <map>
        <entry key="CHINESE" value="295" />
        <entry key="ENGLISH" value="295" />
      </map>
    </option>
  </component>
  <component name="Cache">
    <option name="lastTrimTime" value="1651562734218" />
  </component>
  <component name="Settings">
    <option name="aliTranslateSettings">
      <app-key>
        <option name="appId" value="LTAI5tEGpA3dYTwKEPkWgCuS" />
      </app-key>
    </option>
    <option name="phoneticFontFamily" value="Microsoft YaHei UI" />
    <option name="primaryFontFamily" value="Microsoft YaHei UI" />
    <option name="youdaoTranslateSettings">
      <youdao-translate>
        <option name="appId" value=" 7e3dfa3f12a4d817" />
      </youdao-translate>
    </option>
  </component>
</application>