<application>
  <component name="AppStorage">
    <option name="newTranslationDialogHeight" value="256" />
    <option name="newTranslationDialogWidth" value="546" />
    <option name="newTranslationDialogX" value="182" />
    <option name="newTranslationDialogY" value="371" />
    <histories>
      <item value="Circle" />
      <item value="半径" />
      <item value="ban'j" />
      <item value="b" />
      <item value="bian'jing" />
      <item value="bian'j" />
      <item value="bi'a" />
      <item value="bi'an" />
      <item value="demeter" />
      <item value="de" />
      <item value="collect" />
      <item value="template" />
      <item value="代理模式" />
      <item value="fetch" />
      <item value="fe" />
      <item value="moments" />
      <item value="mo" />
      <item value="Attack" />
      <item value="assign" />
      <item value="Payroll System" />
      <item value="Salary" />
      <item value="transact" />
      <item value="注释" />
      <item value="解释" />
      <item value="设计模式" />
      <item value="显示数据" />
      <item value="expercise" />
      <item value="exper" />
      <item value="ex" />
      <item value="方法" />
      <item value="fang" />
      <item value="OK方法完成" />
      <item value="OK方法wan'c" />
      <item value="OK方法wa" />
      <item value="OK方法wan" />
      <item value="OK方法" />
      <item value="OK" />
      <item value="方" />
      <item value="方法wang'c" />
      <item value="evaluate" />
      <item value="actual&#10;" />
      <item value="actu&#10;" />
      <item value="act&#10;" />
      <item value="ac&#10;" />
      <item value="expecte&#10;" />
      <item value="expected&#10;" />
      <item value="expec&#10;" />
      <item value="expe&#10;" />
      <item value="ex&#10;" />
      <item value="        int flog = 0;&#10;" />
    </histories>
    <option name="languageScores">
      <map>
        <entry key="CHINESE" value="326" />
        <entry key="ENGLISH" value="327" />
      </map>
    </option>
  </component>
  <component name="Cache">
    <option name="lastTrimTime" value="1651562734218" />
  </component>
  <component name="Settings">
    <option name="aliTranslateSettings">
      <app-key>
        <option name="appId" value="LTAI5tEGpA3dYTwKEPkWgCuS" />
      </app-key>
    </option>
    <option name="phoneticFontFamily" value="Microsoft YaHei UI" />
    <option name="primaryFontFamily" value="Microsoft YaHei UI" />
    <option name="youdaoTranslateSettings">
      <youdao-translate>
        <option name="appId" value=" 7e3dfa3f12a4d817" />
      </youdao-translate>
    </option>
  </component>
</application>