<application>
  <component name="AppStorage">
    <option name="newTranslationDialogHeight" value="256" />
    <option name="newTranslationDialogWidth" value="540" />
    <option name="newTranslationDialogX" value="182" />
    <option name="newTranslationDialogY" value="371" />
    <histories>
      <item value="final" />
      <item value="注意" />
      <item value="注意点" />
      <item value="Null Pointer Exception" />
      <item value="stream" />
      <item value="str" />
      <item value="post" />
      <item value="form" />
      <item value="W" />
      <item value="line item" />
      <item value="item" />
      <item value="方法" />
      <item value="局部内部类" />
      <item value="ju'b" />
      <item value="内部类" />
      <item value="is available" />
      <item value="is availabe" />
      <item value="is ava" />
      <item value="is " />
      <item value="localized" />
      <item value="locali" />
      <item value="local" />
      <item value="loca" />
      <item value="lo" />
      <item value="Circle" />
      <item value="半径" />
      <item value="ban'j" />
      <item value="b" />
      <item value="bian'jing" />
      <item value="bian'j" />
      <item value="bi'a" />
      <item value="bi'an" />
      <item value="demeter" />
      <item value="de" />
      <item value="collect" />
      <item value="template" />
      <item value="代理模式" />
      <item value="fetch" />
      <item value="fe" />
      <item value="moments" />
      <item value="mo" />
      <item value="Attack" />
      <item value="assign" />
      <item value="Payroll System" />
      <item value="Salary" />
      <item value="transact" />
      <item value="注释" />
      <item value="解释" />
      <item value="设计模式" />
      <item value="显示数据" />
    </histories>
    <option name="languageScores">
      <map>
        <entry key="CHINESE" value="355" />
        <entry key="ENGLISH" value="353" />
      </map>
    </option>
  </component>
  <component name="Cache">
    <option name="lastTrimTime" value="1652011992179" />
  </component>
  <component name="Settings">
    <option name="aliTranslateSettings">
      <app-key>
        <option name="appId" value="LTAI5tEGpA3dYTwKEPkWgCuS" />
      </app-key>
    </option>
    <option name="phoneticFontFamily" value="Microsoft YaHei UI" />
    <option name="primaryFontFamily" value="Microsoft YaHei UI" />
    <option name="youdaoTranslateSettings">
      <youdao-translate>
        <option name="appId" value=" 7e3dfa3f12a4d817" />
      </youdao-translate>
    </option>
  </component>
</application>