<keymap version="1" name="XWin copy" parent="Default for XWin">
  <action id="$EditorTranslateAction">
    <keyboard-shortcut first-keystroke="shift w" />
  </action>
  <action id="$ShowTranslationDialogAction">
    <keyboard-shortcut first-keystroke="shift e" />
  </action>
  <action id="ActivateBookmarksToolWindow">
    <keyboard-shortcut first-keystroke="alt 3" />
  </action>
  <action id="ActivateCommitToolWindow">
    <keyboard-shortcut first-keystroke="alt 4" />
  </action>
  <action id="ActivateDebugToolWindow" />
  <action id="ActivateFindToolWindow" />
  <action id="ActivateProblemsViewToolWindow" />
  <action id="ActivatePullRequestsToolWindow">
    <keyboard-shortcut first-keystroke="alt 5" />
  </action>
  <action id="ActivateRunToolWindow">
    <keyboard-shortcut first-keystroke="alt 7" />
  </action>
  <action id="ActivateStructureToolWindow">
    <keyboard-shortcut first-keystroke="alt 2" />
  </action>
  <action id="ActivateVersionControlToolWindow">
    <keyboard-shortcut first-keystroke="alt 6" />
  </action>
  <action id="Editor EditorTranslateAction">
    <keyboard-shortcut first-keystroke="shift w" />
  </action>
  <action id="Editor ShowTranslationDialogAction">
    <keyboard-shortcut first-keystroke="shift e" />
  </action>
  <action id="Generate">
    <keyboard-shortcut first-keystroke="shift q" />
  </action>
  <action id="QuickImplementations" />
  <action id="ReformatCode">
    <keyboard-shortcut first-keystroke="shift ctrl i" />
  </action>
  <action id="RunClass">
    <keyboard-shortcut first-keystroke="shift r" />
  </action>
  <action id="RunDashboard.Run">
    <keyboard-shortcut first-keystroke="shift r" />
  </action>
  <action id="RunTargetAction">
    <keyboard-shortcut first-keystroke="shift r" />
  </action>
  <action id="VimPluginToggle">
    <keyboard-shortcut first-keystroke="shift j" />
  </action>
</keymap>